"obs_prague","obs_nonprague","obs_diff","p_value"
1.02903550064604,1.05904992241302,0.0300144217669818,0.2287
